{
  "Commands": [
    {
      "name": "activate",
      "params": ["module"],
      "description": "Activates the given module for this server"
    },
    {
      "name": "deactivate",
      "params": ["module"],
      "description": "Deactivates the given module for this server"
    },
    {
      "name": "warn",
      "params": ["mention"],
      "description": "Gives a warning to the mentioned user"
    },
    {
      "name": "ban",
      "params": ["mention"],
      "description": "Bans the mentioned user from the server"
    },
    {
      "name": "warnmax",
      "params": ["n"],
      "description": "Sets the number of warnings a user must have before being banned to [n]"
    },
    {
      "name": "prefix",
      "params": ["prefix"],
      "description": "Updates the prefix for the server"
    }
  ],
  "About": "manager allows users to activate and deactivate modules within a server, and change the server prefix for Modis.",
  "Creator": "YtnomSnrub"
}
